size,min,avg,max
1,310.58,332.06,351.81
2,307.64,328.77,351.47
3,307.65,327.32,349.13
4,307.76,328.23,345.96
5,308.84,329.66,368.81
6,311.64,331.49,360.41
7,310.92,328.92,359.72
8,316.85,338.14,367.87
9,315.24,331.06,356.39
10,314.46,330.36,357.73
11,310.13,332.83,362.46
12,308.42,328.52,359.26
13,314.61,329.78,352.44
14,312.78,332.59,366.28
15,314.24,330.94,371.00
16,311.96,332.76,373.45
17,324.12,340.69,360.68
18,322.49,331.61,352.36
19,314.63,330.10,355.44
20,311.03,328.30,344.16
21,315.47,329.20,360.37
22,316.61,328.33,347.79
23,317.63,332.39,351.01
24,317.67,330.09,348.62
25,315.22,328.60,343.96
26,317.05,328.49,346.56
27,317.56,329.85,357.00
28,318.50,329.07,354.32
29,317.14,327.90,347.16
30,316.41,330.00,356.91
31,318.40,332.02,358.72
32,317.54,329.14,369.86
33,317.78,328.52,351.02
34,318.51,327.84,343.22
35,315.52,328.33,346.03
36,314.87,329.85,351.18
37,317.22,328.20,351.40
38,314.34,327.73,348.99
39,316.45,328.90,348.63
40,318.87,334.02,359.64
41,316.23,330.57,348.73
42,315.55,328.80,345.09
43,315.79,328.36,352.66
44,311.54,330.07,348.21
45,318.07,328.02,346.74
46,315.48,327.83,343.81
47,318.42,328.87,348.20
48,316.77,329.15,344.86
49,318.88,331.77,356.16
50,315.91,329.18,345.80
51,316.89,333.42,366.27
52,319.30,339.32,373.45
53,318.63,331.46,350.36
54,314.41,333.81,356.79
55,317.04,328.47,359.55
56,314.81,328.46,350.61
57,317.09,331.54,364.65
58,312.10,329.45,351.05
59,317.04,329.40,349.78
60,312.38,329.70,354.83
61,322.54,336.69,356.78
62,319.84,332.32,360.13
63,317.02,330.52,349.35
64,317.69,330.05,361.24
65,313.62,328.71,355.49
66,317.97,331.90,360.21
67,316.96,327.90,345.10
68,316.96,328.65,343.18
69,318.29,329.09,358.53
70,317.57,330.52,355.23
71,313.85,328.20,350.44
72,307.85,327.87,350.44
73,313.89,329.48,349.97
74,310.71,330.83,355.68
75,315.43,329.76,350.74
76,311.27,329.62,346.80
77,314.04,327.28,341.45
78,313.21,328.87,349.29
79,313.34,328.98,349.51
80,316.77,328.36,342.65
81,315.88,327.75,347.35
82,316.92,334.24,362.68
83,323.45,337.22,357.37
84,320.01,330.61,350.81
85,319.76,328.58,345.68
86,317.40,328.58,346.85
87,316.88,328.78,349.70
88,316.53,328.37,344.93
89,316.80,328.11,350.68
90,316.12,327.90,342.47
91,318.27,328.46,348.13
92,318.85,332.32,357.92
93,314.16,328.13,344.19
94,318.74,329.09,350.32
95,316.54,328.46,345.29
96,317.22,337.01,356.27
97,321.71,335.09,365.70
98,316.99,328.81,341.20
99,317.89,328.18,349.76
100,318.36,331.49,353.41
101,317.97,329.78,358.44
102,314.34,329.39,349.14
103,320.12,337.92,365.09
104,318.79,331.52,363.49
105,322.60,338.36,374.10
106,318.18,330.14,350.23
107,316.92,329.62,354.05
108,314.84,329.30,347.06
109,318.82,332.58,352.97
110,317.76,329.06,350.03
111,317.01,328.72,350.78
112,316.72,328.33,348.02
113,317.22,329.14,358.27
114,316.83,328.36,347.80
115,313.06,327.60,348.22
116,314.27,328.06,347.42
117,316.14,329.48,352.19
118,315.82,329.73,361.05
119,316.02,328.90,350.14
120,312.21,327.44,346.70
121,317.05,328.53,345.43
122,316.47,328.92,351.44
123,316.25,327.78,341.88
124,310.27,327.25,352.96
125,311.91,327.77,354.89
126,310.74,331.63,368.44
127,315.90,329.54,348.60
128,309.55,328.84,355.50
129,314.66,328.22,350.97
130,312.07,328.64,347.00
131,317.82,329.25,355.53
132,315.92,327.42,341.94
133,313.84,327.48,347.21
134,314.97,328.07,348.19
135,315.92,331.58,367.13
136,316.61,328.13,356.23
137,315.96,328.50,353.46
138,314.38,328.23,354.15
139,313.67,329.42,361.66
140,316.57,335.80,388.86
141,319.17,332.56,356.69
142,318.43,328.56,354.55
143,305.30,329.85,351.81
144,312.64,330.37,351.71
145,317.12,328.87,358.31
146,317.63,327.62,339.30
147,316.55,327.64,345.72
148,317.53,328.66,346.32
149,318.86,338.25,368.51
150,320.95,332.47,357.92
151,322.03,338.24,376.66
152,321.65,334.88,367.67
153,316.73,329.43,347.92
154,315.29,329.21,348.95
155,316.99,328.08,353.72
156,317.44,328.58,347.13
157,317.72,328.92,345.95
158,313.50,328.58,344.35
159,317.74,328.04,350.20
160,315.31,327.64,346.43
161,316.00,332.13,367.02
162,314.08,329.17,347.04
163,316.23,327.46,348.33
164,316.06,327.04,353.75
165,316.54,328.56,347.37
166,315.28,329.34,353.09
167,314.90,327.82,345.21
168,314.39,327.77,350.56
169,313.82,339.42,374.15
170,319.10,333.53,351.92
171,318.22,331.47,347.99
172,316.21,328.69,348.70
173,316.92,330.03,351.38
174,317.14,329.42,346.85
175,315.54,328.58,351.60
176,315.81,328.56,350.64
177,317.73,328.57,345.35
178,315.92,332.31,362.91
179,312.79,329.29,359.53
180,317.55,328.61,344.35
181,317.35,338.78,363.06
182,318.66,331.34,361.04
183,315.74,329.39,346.52
184,321.61,338.16,354.81
185,318.59,331.10,359.05
186,316.34,331.01,348.61
187,318.29,332.26,363.34
188,316.44,329.21,350.86
189,316.02,328.71,347.14
190,318.51,329.35,356.10
191,317.86,329.44,348.68
192,317.30,328.10,342.88
193,318.77,338.39,371.39
194,318.97,331.91,349.28
195,318.38,334.38,372.77
196,318.59,330.00,352.43
197,315.55,329.85,350.82
198,314.72,328.32,349.19
199,311.12,329.78,351.53
200,314.82,330.41,356.06
201,314.71,328.35,348.59
202,317.14,329.08,345.89
203,315.13,328.69,349.61
204,316.14,332.73,353.17
205,315.46,328.39,350.98
206,314.06,328.26,351.38
207,311.96,327.87,344.37
208,315.12,328.67,345.29
209,318.78,327.60,347.06
210,317.75,327.32,346.40
211,315.39,328.09,350.79
212,318.92,329.77,357.09
213,317.82,330.43,354.23
214,317.76,329.03,351.04
215,311.96,327.74,345.95
216,313.66,327.89,354.40
217,308.87,328.53,343.78
218,315.69,327.06,341.27
219,312.63,326.75,348.97
220,313.84,327.66,350.07
221,316.07,331.04,358.03
222,317.31,328.10,349.79
223,313.81,327.33,350.76
224,315.57,327.32,348.78
225,315.80,328.28,350.81
226,312.87,328.21,346.59
227,315.15,331.27,359.60
228,314.55,331.41,355.50
229,319.33,330.76,348.12
230,316.24,332.20,373.53
231,316.97,327.10,353.87
232,314.83,327.23,341.41
233,312.88,326.51,345.72
234,315.97,326.83,339.77
235,312.45,328.55,355.20
236,314.29,326.31,354.41
237,314.48,335.53,383.83
238,324.09,335.74,357.80
239,316.81,328.48,346.34
240,311.96,327.31,344.07
241,313.86,325.95,343.93
242,313.63,326.59,347.46
243,314.60,326.19,342.67
244,313.64,324.81,335.63
245,314.24,324.78,334.96
246,312.93,325.56,341.07
247,311.01,329.76,356.99
248,314.38,324.53,339.41
249,311.83,325.31,342.26
250,312.01,324.24,338.25
251,311.03,324.28,345.98
252,313.62,325.12,343.53
253,311.12,323.49,345.54
254,313.52,324.48,342.65
255,310.69,327.71,354.29
256,317.58,335.74,355.57
257,315.48,328.87,361.66
258,313.07,325.75,340.85
259,310.59,324.49,343.27
260,312.49,324.74,355.11
261,307.89,323.65,346.06
262,307.91,322.12,337.83
263,305.86,322.81,347.37
264,300.31,323.99,344.91
265,306.85,324.35,345.20
266,299.97,325.09,351.58
267,307.09,325.72,358.77
268,319.80,332.96,357.35
269,317.13,329.60,348.45
270,315.63,325.61,339.01
271,315.63,328.18,348.66
272,311.73,324.73,347.17
273,315.51,333.74,385.57
274,320.09,328.24,340.60
275,315.40,327.36,352.32
276,315.37,324.59,337.10
277,315.26,324.85,352.91
278,314.75,324.66,347.68
279,314.15,322.94,334.30
280,315.16,324.65,351.90
281,314.27,323.52,354.28
282,313.12,333.24,384.82
283,318.18,328.01,343.32
284,315.80,326.42,350.74
285,314.47,325.02,338.98
286,313.11,325.01,358.58
287,315.00,324.77,348.47
288,305.59,322.47,342.69
289,313.11,322.78,342.43
290,313.48,323.34,341.72
291,313.37,326.59,369.11
292,312.41,323.25,349.81
293,310.53,322.66,339.24
294,308.40,322.33,341.68
295,310.42,323.20,340.29
296,311.52,322.44,341.00
297,304.60,321.79,336.20
298,309.64,322.41,341.95
299,303.61,323.56,351.36
300,308.07,325.00,363.57
301,312.71,323.42,342.39
302,310.21,322.47,342.43
303,309.94,323.13,366.96
304,312.57,324.95,341.87
305,311.88,323.85,337.41
306,310.65,323.44,339.50
307,310.81,323.76,355.26
308,310.21,325.80,355.76
309,309.76,323.68,362.91
310,309.26,323.73,342.09
311,311.31,331.86,369.34
312,319.05,330.57,352.39
313,316.79,328.39,348.83
314,314.85,326.79,340.98
315,313.26,329.09,355.03
316,312.70,325.17,337.44
317,305.47,328.16,350.15
318,315.48,332.06,367.31
319,314.28,328.12,351.97
320,313.49,334.14,365.62
321,329.09,342.31,360.24
322,318.89,339.32,359.85
323,325.49,336.43,354.21
324,321.62,337.17,366.31
325,319.93,337.26,366.16
326,320.89,338.67,373.68
327,321.09,335.49,357.00
328,313.76,333.18,362.17
329,319.30,332.18,356.00
330,313.73,331.61,347.92
331,316.32,330.84,350.91
332,316.47,330.65,347.61
333,311.90,328.41,345.42
334,315.27,331.61,363.21
335,315.60,327.06,348.68
336,314.53,327.61,343.64
337,314.24,326.80,343.14
338,313.47,326.80,351.54
339,314.18,329.51,357.96
340,312.57,326.25,341.53
341,313.15,326.41,348.04
342,313.72,325.97,351.25
343,322.13,337.00,354.47
344,320.64,332.42,359.40
345,318.36,330.32,358.58
346,311.54,329.60,353.25
347,317.66,328.94,344.50
348,315.33,326.79,341.08
349,314.56,326.54,346.78
350,309.46,325.83,347.97
351,312.57,327.84,355.59
352,312.91,326.61,342.42
353,313.28,325.78,354.46
354,312.03,327.41,358.86
355,323.54,336.10,353.97
356,318.68,333.32,347.34
357,310.92,330.80,349.17
358,317.21,331.79,350.13
359,314.50,327.19,345.59
360,312.87,331.08,355.54
361,311.67,326.04,346.90
362,319.38,333.68,368.35
363,315.79,329.02,347.08
364,317.91,329.01,350.60
365,316.55,327.50,348.50
366,314.47,325.64,346.29
367,314.07,326.76,345.11
368,314.15,324.85,341.34
369,314.69,327.37,352.99
370,314.06,325.86,354.46
371,320.10,332.58,348.48
372,318.49,328.26,348.08
373,318.34,328.62,343.78
374,318.00,326.62,344.18
375,317.34,324.85,343.13
376,316.59,325.72,341.71
377,312.41,326.47,351.93
378,316.85,325.98,357.07
379,314.27,325.41,342.59
380,315.05,323.65,339.44
381,315.27,324.13,336.93
382,305.92,324.81,339.78
383,309.81,324.44,347.34
384,314.26,323.64,337.32
385,311.62,323.27,339.44
386,315.14,328.70,362.62
387,312.05,324.96,362.38
388,310.35,325.29,359.24
389,314.53,324.36,338.68
390,311.12,323.62,345.53
391,313.45,325.28,343.59
392,311.60,322.97,344.13
393,314.37,324.04,345.50
394,312.37,323.77,353.69
395,315.32,326.25,351.94
396,312.51,323.45,346.21
397,314.25,324.47,358.88
398,314.61,324.82,340.04
399,314.00,324.57,356.40
400,312.95,324.25,345.98
401,313.38,322.99,346.43
402,314.76,328.17,350.17
403,314.20,323.77,349.42
404,314.24,326.82,357.72
405,315.10,326.51,350.03
406,313.73,327.04,359.48
407,318.63,329.91,352.19
408,318.11,328.74,345.62
409,315.24,327.88,349.62
410,314.26,326.14,342.04
411,313.94,326.69,351.46
412,309.99,327.99,373.79
413,314.41,326.55,360.00
414,305.82,325.30,342.82
415,306.15,329.45,362.98
416,321.89,331.64,344.78
417,318.53,329.49,348.57
418,319.92,328.71,348.03
419,313.31,327.96,341.55
420,318.13,327.86,343.63
421,317.37,331.40,352.22
422,316.60,326.53,350.00
423,317.26,327.41,344.87
424,315.73,325.58,349.98
425,315.89,325.94,346.03
426,315.11,324.91,346.55
427,313.97,324.32,340.21
428,312.69,324.25,345.58
429,311.80,324.28,354.40
430,318.68,338.21,354.61
431,323.30,334.04,363.06
432,321.62,331.54,350.39
433,318.56,330.38,356.15
434,319.42,330.30,347.50
435,317.95,328.80,341.31
436,316.06,328.92,346.76
437,316.54,327.62,345.66
438,315.40,330.47,358.41
439,316.70,327.77,352.15
440,314.75,326.69,354.01
441,310.22,325.87,359.57
442,321.32,335.97,363.75
443,319.76,333.24,347.54
444,314.00,329.76,347.59
445,314.36,331.88,356.70
446,315.55,326.96,356.89
447,316.51,329.58,345.02
448,315.33,325.89,344.30
449,314.67,325.65,345.87
450,314.53,324.60,338.84
451,317.80,332.84,372.83
452,320.20,329.70,344.48
453,316.62,327.47,346.30
454,317.21,327.39,347.77
455,315.08,326.35,347.09
456,314.46,329.14,350.00
457,312.91,325.43,363.54
458,314.14,325.24,343.22
459,312.08,324.08,342.86
460,319.81,334.86,374.18
461,318.99,329.35,346.39
462,316.90,328.05,341.13
463,315.95,326.65,343.67
464,315.62,329.60,351.91
465,315.06,326.62,342.46
466,313.38,327.09,345.12
467,314.21,325.90,342.65
468,314.16,325.95,347.32
469,306.18,325.98,349.71
470,311.05,326.33,349.20
471,313.89,326.98,345.86
472,311.63,327.03,344.36
473,312.08,330.90,354.14
474,309.84,327.96,377.14
475,312.30,328.66,347.35
476,310.61,326.68,344.53
477,303.01,326.62,344.34
478,312.33,328.67,351.61
479,312.80,326.29,342.27
480,305.65,325.30,342.57
481,311.49,325.90,342.06
482,312.69,328.06,352.07
483,312.13,325.22,337.33
484,312.94,324.18,341.29
485,313.86,324.34,340.35
486,315.50,324.35,341.35
487,315.24,325.47,338.80
488,316.05,324.68,334.80
489,314.57,329.60,352.53
490,313.42,326.62,353.81
491,314.16,326.90,351.61
492,315.45,325.32,347.35
493,313.91,324.33,334.18
494,316.49,324.48,340.65
495,318.01,329.28,374.27
496,321.20,331.08,344.88
497,318.34,328.21,345.75
498,316.87,327.94,353.91
499,317.80,330.33,356.06
500,312.04,327.38,341.84
501,312.92,327.95,348.63
502,312.99,327.18,346.81
503,310.32,327.71,349.76
504,308.53,334.02,370.80
505,321.33,333.95,353.29
506,317.33,330.76,351.00
507,313.87,330.65,344.39
508,317.17,333.94,353.69
509,313.04,332.85,351.44
510,318.80,334.04,347.86
511,322.56,334.74,348.59
512,323.08,337.07,362.38
513,323.66,337.31,355.04
514,321.56,335.98,349.35
515,323.55,336.10,355.09
516,325.26,338.18,362.76
517,338.25,349.02,362.66
518,334.35,345.23,362.56
519,332.15,342.09,353.61
520,330.61,340.60,352.32
521,329.55,341.01,357.49
522,325.70,339.34,352.86
523,330.04,339.59,367.20
524,328.78,341.00,363.56
525,331.39,342.83,373.30
526,330.00,341.09,360.51
527,330.72,340.73,356.42
528,330.84,352.14,376.85
529,334.30,349.46,365.47
530,329.62,345.38,361.82
531,329.87,345.91,369.78
532,325.71,344.38,362.23
533,327.95,346.37,371.18
534,330.21,342.47,357.62
535,330.10,344.43,364.16
536,319.65,342.77,362.55
537,326.11,342.71,363.59
538,327.87,345.90,379.84
539,328.74,348.30,365.39
540,332.18,344.86,364.93
541,335.35,347.79,369.45
542,335.32,344.57,356.01
543,335.28,344.79,358.16
544,332.79,343.34,362.98
545,332.54,343.38,357.80
546,332.52,344.86,361.53
547,336.43,355.15,388.67
548,333.89,347.60,365.88
549,333.85,349.16,377.36
550,331.87,346.65,370.24
551,331.30,346.11,371.29
552,330.63,344.32,367.92
553,329.59,345.26,363.62
554,333.81,347.38,365.34
555,331.08,345.80,368.53
556,332.21,345.82,362.19
557,329.80,346.51,365.05
558,335.05,348.33,379.62
559,331.67,347.59,366.27
560,329.11,346.49,363.43
561,334.15,346.64,360.75
562,333.63,347.28,363.47
563,334.16,346.43,365.06
564,336.86,347.39,365.95
565,330.33,347.42,372.70
566,333.99,350.13,380.03
567,333.69,347.51,367.55
568,337.70,356.39,394.48
569,337.88,354.86,382.72
570,336.13,351.64,370.15
571,332.71,349.38,367.55
572,338.01,349.86,364.40
573,341.77,356.08,374.07
574,339.73,353.89,386.40
575,340.07,350.72,365.60
576,336.58,348.49,365.29
577,335.58,349.31,364.95
578,338.67,350.00,368.17
579,330.77,350.67,368.09
580,335.24,356.19,380.85
581,339.80,354.42,376.90
582,334.79,355.72,383.29
583,333.86,351.52,369.49
584,329.70,351.10,372.33
585,337.49,350.77,367.18
586,336.14,351.53,370.35
587,337.74,351.29,365.96
588,334.70,352.27,382.73
589,343.60,360.41,380.28
590,340.66,359.74,386.12
591,336.89,353.81,383.85
592,339.55,352.74,375.06
593,335.47,352.10,373.98
594,340.48,352.99,373.10
595,339.85,352.72,377.92
596,338.43,352.45,377.05
597,337.03,353.33,375.26
598,337.69,360.23,388.64
599,346.01,363.76,380.62
600,341.75,355.16,374.78
601,340.55,354.30,381.34
602,341.19,354.01,370.71
603,343.78,353.24,367.05
604,338.17,353.88,374.41
605,339.23,354.33,378.02
606,342.96,359.05,394.35
607,343.47,354.62,375.15
608,340.60,355.46,383.04
609,339.54,362.83,403.05
610,345.57,362.37,383.56
611,342.86,357.65,372.58
612,340.48,356.35,376.47
613,337.91,363.30,389.25
614,342.70,361.41,400.26
615,344.10,356.95,377.31
616,342.76,356.31,377.06
617,340.61,355.40,373.60
618,345.35,357.25,373.91
619,342.77,357.25,378.30
620,342.33,356.77,387.17
621,343.09,362.89,405.01
622,348.42,364.17,391.36
623,345.38,358.72,380.94
624,341.53,357.42,374.35
625,343.12,357.71,374.38
626,345.25,358.15,379.90
627,341.08,356.86,378.46
628,342.79,357.77,373.98
629,341.50,363.58,429.29
630,346.14,365.49,393.51
631,344.16,360.24,384.68
632,346.15,359.02,381.04
633,344.93,359.06,373.72
634,346.13,359.03,378.26
635,346.75,358.54,380.26
636,346.36,359.17,374.69
637,348.72,360.05,396.07
638,349.14,362.67,384.39
639,346.50,361.07,380.20
640,349.06,359.15,372.98
641,347.94,359.88,377.20
642,348.55,361.36,379.79
643,350.66,360.16,377.77
644,348.39,360.70,389.79
645,348.44,361.87,379.80
646,349.23,363.57,409.63
647,350.98,362.06,382.44
648,348.23,361.00,378.48
649,350.30,362.02,386.97
650,347.80,362.29,380.03
651,348.18,361.94,382.67
652,347.06,362.21,384.80
653,349.48,373.14,405.93
654,359.03,371.39,391.26
655,352.29,366.91,389.11
656,352.59,364.27,391.80
657,354.14,363.54,380.53
658,349.26,365.87,383.77
659,349.46,365.17,386.64
660,353.98,365.65,383.96
661,351.17,372.07,433.46
662,354.03,368.63,390.09
663,355.62,366.99,384.93
664,351.05,365.02,382.48
665,352.32,364.96,387.52
666,352.98,373.88,398.58
667,359.26,372.75,400.59
668,353.44,368.45,385.03
669,354.76,376.65,405.68
670,362.82,373.82,391.38
671,357.24,369.43,389.37
672,356.19,366.90,381.40
673,349.87,367.23,386.97
674,353.39,365.88,381.43
675,352.14,367.36,384.87
676,353.71,367.43,387.36
677,357.27,374.49,394.87
678,361.02,375.36,395.76
679,356.40,368.21,392.06
680,356.02,369.66,387.67
681,355.18,370.00,396.76
682,356.07,368.35,392.47
683,356.27,368.96,392.40
684,357.30,372.88,397.42
685,354.37,369.44,389.30
686,354.21,369.52,395.24
687,355.23,368.97,405.33
688,360.41,377.59,400.12
689,360.86,373.38,395.09
690,359.01,371.25,387.93
691,356.57,370.77,394.57
692,359.05,377.56,419.95
693,358.74,371.90,394.35
694,356.98,370.65,398.05
695,354.36,370.31,391.72
696,357.28,370.25,387.98
697,355.16,369.29,388.97
698,354.08,371.13,394.17
699,355.34,372.07,405.49
700,358.87,374.00,408.21
701,359.46,380.06,416.92
702,359.06,372.98,397.45
703,357.33,373.93,401.48
704,363.40,380.52,405.76
705,360.20,374.54,400.54
706,358.55,373.68,396.78
707,358.40,379.33,406.98
708,361.06,377.66,426.09
709,363.55,380.02,407.40
710,361.36,374.78,398.67
711,360.33,374.15,398.82
712,360.67,373.77,393.63
713,360.32,373.89,394.45
714,360.84,374.10,400.60
715,361.98,376.30,399.80
716,362.78,375.78,397.95
717,360.32,373.12,389.15
718,360.87,373.21,393.82
719,361.46,374.48,399.47
720,358.27,372.92,392.39
721,360.49,373.49,394.90
722,359.21,376.05,403.93
723,361.03,376.49,406.76
724,363.83,377.62,396.04
725,360.75,374.04,396.97
726,355.71,373.73,389.48
727,359.56,375.12,407.30
728,359.16,374.99,392.95
729,358.54,375.00,390.69
730,361.78,383.58,424.75
731,362.16,377.17,404.46
732,362.27,376.22,395.20
733,359.31,376.11,398.58
734,362.27,379.97,415.09
735,363.50,379.63,416.12
736,361.39,379.39,404.09
737,362.98,380.26,407.74
738,364.84,380.11,414.13
739,364.05,382.68,433.34
740,366.21,382.41,406.08
741,365.96,380.60,405.28
742,362.74,378.32,402.05
743,361.23,378.04,400.39
744,363.11,378.76,399.67
745,367.73,383.57,422.36
746,365.42,379.04,404.55
747,362.81,385.61,411.33
748,369.41,381.78,399.50
749,364.82,380.03,410.68
750,365.47,378.62,397.34
751,365.16,379.36,398.74
752,363.72,382.49,409.71
753,369.11,387.80,413.99
754,373.32,387.14,407.40
755,367.07,381.95,400.95
756,370.92,381.05,398.30
757,367.00,380.86,397.46
758,365.56,380.66,400.44
759,365.25,380.82,415.68
760,369.73,384.26,402.21
761,369.26,384.21,410.35
762,369.73,386.52,424.63
763,368.55,392.92,425.52
764,373.06,390.95,421.85
765,368.22,385.03,406.05
766,369.65,385.75,410.60
767,367.70,390.75,427.00
768,370.50,385.10,404.44
769,368.45,384.52,407.08
770,368.41,385.32,406.31
771,367.33,384.63,405.23
772,366.41,384.35,409.32
773,367.38,384.92,413.46
774,370.16,388.49,415.88
775,368.27,386.47,410.36
776,367.48,386.00,409.08
777,367.04,389.40,448.21
778,369.86,389.63,414.67
779,371.52,385.49,412.24
780,368.94,385.17,409.76
781,369.91,386.19,411.96
782,371.59,389.69,425.50
783,369.49,386.50,413.16
784,366.43,385.46,417.38
785,370.52,394.85,418.68
786,369.49,388.85,411.98
787,371.52,386.70,408.58
788,371.19,386.33,412.50
789,371.94,388.70,415.26
790,373.79,388.85,427.62
791,372.11,387.80,408.60
792,371.79,387.89,416.35
793,370.67,388.04,424.27
794,370.47,387.13,406.68
795,371.02,387.12,420.19
796,374.17,388.07,412.69
797,374.83,390.21,424.38
798,372.22,388.27,408.76
799,376.24,395.62,427.70
800,377.43,390.80,413.87
801,376.84,389.76,410.72
802,374.40,388.73,409.82
803,374.47,389.63,407.72
804,378.85,401.22,435.23
805,377.47,391.24,423.67
806,373.52,393.47,435.99
807,382.70,404.08,435.27
808,382.19,397.44,422.51
809,377.56,394.12,416.11
810,378.82,394.20,420.43
811,376.28,396.35,435.11
812,373.09,392.30,413.81
813,369.88,390.77,409.37
814,375.38,390.90,417.28
815,382.06,398.94,421.26
816,372.05,392.08,408.50
817,375.34,395.25,423.68
818,379.91,396.09,421.70
819,378.48,393.18,414.50
820,379.20,405.55,448.47
821,381.07,398.98,422.88
822,380.07,403.28,467.05
823,376.80,395.51,413.99
824,375.64,396.63,424.58
825,379.21,398.16,424.15
826,377.73,398.89,430.72
827,383.58,401.07,426.42
828,381.42,394.97,415.33
829,380.93,395.04,419.12
830,379.12,394.63,417.63
831,377.15,393.86,417.36
832,377.28,395.55,436.00
833,381.92,396.97,419.09
834,380.48,394.20,418.07
835,381.85,393.91,416.11
836,385.23,406.10,436.47
837,386.90,399.28,414.31
838,381.29,396.89,420.51
839,383.02,396.22,422.14
840,382.15,401.31,424.00
841,379.43,397.15,427.35
842,379.87,394.67,416.13
843,378.46,395.59,419.45
844,378.92,397.06,419.46
845,376.37,395.95,418.85
846,379.67,396.01,417.79
847,379.66,401.53,428.79
848,382.43,397.65,430.68
849,378.38,395.58,416.48
850,382.49,397.20,414.65
851,381.28,403.07,453.33
852,384.18,401.27,421.45
853,383.11,399.38,421.98
854,386.08,402.15,421.97
855,377.15,398.14,436.43
856,379.27,397.23,419.51
857,379.84,397.79,422.35
858,377.38,398.67,422.23
859,385.98,404.49,426.00
860,382.62,400.59,448.90
861,381.66,403.10,432.37
862,380.44,400.84,448.49
863,381.39,399.39,421.46
864,379.59,399.26,433.56
865,381.02,400.08,424.17
866,378.90,398.82,417.96
867,381.29,398.19,432.80
868,385.08,402.54,423.38
869,382.65,399.51,419.55
870,377.30,399.92,429.25
871,379.69,399.55,429.82
872,384.31,399.86,419.56
873,384.53,401.39,431.99
874,383.20,400.13,437.60
875,388.90,403.83,429.58
876,390.03,408.17,436.26
877,386.75,402.07,437.50
878,381.03,400.60,423.62
879,381.28,401.25,427.57
880,382.75,401.41,429.61
881,381.25,403.36,434.98
882,382.56,405.19,426.14
883,380.87,403.24,422.29
884,383.31,402.31,425.15
885,383.69,400.99,417.62
886,385.89,402.42,419.44
887,385.68,403.43,436.18
888,393.91,411.00,431.01
889,392.35,408.32,432.15
890,388.36,405.16,435.09
891,387.61,403.55,424.64
892,393.38,405.40,432.53
893,387.34,404.67,438.43
894,388.95,405.13,421.54
895,391.96,416.96,447.88
896,391.92,411.81,442.92
897,391.11,409.27,447.70
898,397.34,416.18,440.34
899,390.02,407.14,426.16
900,388.74,405.86,423.23
901,388.51,404.52,423.67
902,384.02,404.68,426.56
903,389.29,408.19,441.18
904,388.27,406.92,443.52
905,386.96,405.37,422.59
906,387.21,404.57,427.03
907,395.59,420.18,452.27
908,391.68,409.35,431.19
909,386.20,407.97,432.27
910,390.23,411.07,452.18
911,392.02,413.36,441.38
912,389.92,406.67,433.93
913,391.67,406.18,431.25
914,386.60,407.17,433.63
915,390.66,406.92,429.30
916,392.96,407.39,429.87
917,392.47,411.16,435.64
918,392.89,406.78,450.46
919,392.00,406.49,433.83
920,392.95,406.32,427.78
921,394.39,407.31,422.07
922,393.66,407.07,420.62
923,395.51,412.40,445.10
924,392.75,413.94,445.47
925,393.24,409.87,431.96
926,393.24,408.72,437.10
927,393.48,408.13,434.71
928,394.31,408.27,428.10
929,395.06,408.31,425.18
930,394.24,414.11,470.57
931,401.09,417.80,455.65
932,397.92,412.72,446.32
933,398.38,410.72,440.70
934,394.76,409.73,430.41
935,395.99,410.83,436.00
936,395.57,409.26,422.94
937,394.09,409.43,433.20
938,394.87,412.12,439.73
939,394.28,409.68,430.78
940,394.76,409.14,432.08
941,394.98,409.36,427.77
942,396.70,410.62,429.34
943,395.86,410.19,429.00
944,396.86,410.79,434.29
945,402.27,416.82,464.52
946,399.71,415.43,438.80
947,396.33,410.04,422.73
948,401.14,410.02,428.38
949,399.22,411.82,433.57
950,396.04,411.07,426.90
951,402.69,412.50,429.54
952,401.45,416.21,447.03
953,399.13,411.37,427.34
954,395.72,410.58,439.38
955,398.38,410.58,423.58
956,398.68,410.99,427.46
957,400.59,410.80,425.50
958,399.80,412.47,430.90
959,407.10,425.85,459.64
960,405.40,417.07,438.77
961,403.44,414.69,432.58
962,401.12,413.53,432.27
963,402.63,415.23,435.27
964,402.15,414.82,438.51
965,403.09,414.26,432.47
966,407.27,425.94,466.44
967,408.39,425.23,447.12
968,411.74,420.18,438.92
969,406.54,417.62,430.82
970,407.46,417.45,431.35
971,403.76,415.59,435.92
972,402.14,417.79,446.08
973,402.92,416.50,439.36
974,402.34,416.43,442.30
975,403.38,415.62,430.93
976,404.84,428.97,460.01
977,407.82,421.48,435.81
978,407.44,419.68,436.66
979,404.61,421.48,442.13
980,405.71,422.19,444.39
981,404.65,417.29,449.30
982,402.37,416.41,432.42
983,403.95,417.32,432.46
984,403.93,416.11,446.93
985,405.76,416.94,435.05
986,403.00,420.25,447.69
987,406.42,417.81,440.55
988,405.56,417.29,440.45
989,406.92,419.48,443.86
990,407.39,418.92,441.42
991,407.43,418.85,437.46
992,407.90,418.45,436.42
993,406.89,424.26,475.71
994,413.96,425.95,440.27
995,411.18,421.43,435.02
996,410.30,420.23,436.22
997,410.53,421.50,434.94
998,409.57,419.84,439.16
999,408.11,421.65,440.95
1000,409.91,427.07,500.58
1001,417.07,427.00,448.48
1002,413.53,423.80,440.43
1003,413.38,423.08,437.70
1004,413.87,422.46,437.15
1005,410.62,420.74,431.84
1006,411.03,425.88,459.79
1007,409.72,423.10,451.82
1008,409.38,430.42,460.67
1009,420.39,430.16,455.03
1010,418.84,427.22,443.14
1011,417.12,424.73,439.33
1012,416.86,428.34,456.99
1013,413.33,428.86,458.79
1014,414.54,429.21,455.25
1015,413.41,422.63,444.03
1016,413.04,422.69,443.83
1017,412.71,424.45,447.80
1018,412.65,424.71,450.55
1019,411.66,426.14,448.86
1020,411.66,427.68,463.24
1021,411.66,423.74,441.68
1022,412.92,422.21,439.84
1023,413.87,422.23,435.09
1024,413.57,423.30,443.58
